Region,Respondents,Store Image,Service,Atmosphere,Price,Country,Region Name
1,1,6,6,6,7,BRDeutschland,Arnsberg
1,2,6,5,5,5,BRDeutschland,Arnsberg
1,3,4,4,4,5,BRDeutschland,Arnsberg
1,4,6.5,6,6,6,BRDeutschland,Arnsberg
1,5,7,7,7,7,BRDeutschland,Arnsberg
1,6,6.5,6,6,7,BRDeutschland,Arnsberg
2,1,7,7,6,7,BRDeutschland,Berlin
2,2,6,6,6,6,BRDeutschland,Berlin
2,3,4.5,3,3,4,BRDeutschland,Berlin
2,4,6,5,5,6,BRDeutschland,Berlin
2,5,6,4,6,7,BRDeutschland,Berlin
2,6,7,7,6,6,BRDeutschland,Berlin
2,7,6,6,6,1,BRDeutschland,Berlin
2,8,6,5,5,6,BRDeutschland,Berlin
3,1,7,7,7,7,BRDeutschland,Brandenburg
3,2,6,5,6,7,BRDeutschland,Brandenburg
3,3,6,5,5,4,BRDeutschland,Brandenburg
3,4,6,5,6,5,BRDeutschland,Brandenburg
3,5,5.5,6,6,6,BRDeutschland,Brandenburg
3,6,7,6,6,7,BRDeutschland,Brandenburg
3,7,7,7,7,7,BRDeutschland,Brandenburg
3,8,4.5,5,3,5,BRDeutschland,Brandenburg
3,9,5,5,4,7,BRDeutschland,Brandenburg
3,10,7,6,6,7,BRDeutschland,Brandenburg
3,11,6.5,6,6,6,BRDeutschland,Brandenburg
3,12,5.5,5,5,6,BRDeutschland,Brandenburg
3,13,6,6,6,6,BRDeutschland,Brandenburg
3,14,7,7,7,7,BRDeutschland,Brandenburg
3,15,5.5,5,4,5,BRDeutschland,Brandenburg
3,16,5,5,5,6,BRDeutschland,Brandenburg
3,17,5,4,4,4,BRDeutschland,Brandenburg
4,1,5,6,5,6,BRDeutschland,Braunschweig
4,2,5,4,6,1,BRDeutschland,Braunschweig
4,3,6,4,5,5,BRDeutschland,Braunschweig
4,4,6.5,6,7,7,BRDeutschland,Braunschweig
4,5,7,7,7,7,BRDeutschland,Braunschweig
4,6,5.5,6,5,6,BRDeutschland,Braunschweig
4,7,5,5,3,6,BRDeutschland,Braunschweig
4,8,4,5,2,4,BRDeutschland,Braunschweig
4,9,6,6,6,7,BRDeutschland,Braunschweig
4,10,5.5,6,5,6,BRDeutschland,Braunschweig
4,11,7,6,7,2,BRDeutschland,Braunschweig
4,12,6,6,6,5,BRDeutschland,Braunschweig
4,13,4.5,3,2,2,BRDeutschland,Braunschweig
4,14,4,5,5,5,BRDeutschland,Braunschweig
4,15,7,7,7,7,BRDeutschland,Braunschweig
4,16,1,1,4,1,BRDeutschland,Braunschweig
4,17,6,6,6,6,BRDeutschland,Braunschweig
4,18,6,6,6,5,BRDeutschland,Braunschweig
4,19,5,6,4,6,BRDeutschland,Braunschweig
4,20,7,7,7,7,BRDeutschland,Braunschweig
4,21,5,3,2,5,BRDeutschland,Braunschweig
4,22,6,5,7,6,BRDeutschland,Braunschweig
4,23,7,7,7,7,BRDeutschland,Braunschweig
4,24,5.5,4,5,5,BRDeutschland,Braunschweig
4,25,5,5,5,5,BRDeutschland,Braunschweig
4,26,7,7,7,7,BRDeutschland,Braunschweig
4,27,6,6,5,6,BRDeutschland,Braunschweig
4,28,5,5,4,3,BRDeutschland,Braunschweig
4,29,6,5,5,6,BRDeutschland,Braunschweig
4,30,7,7,7,7,BRDeutschland,Braunschweig
5,1,6,4,5,7,BRDeutschland,Bremen
5,2,6,5,4,6,BRDeutschland,Bremen
5,3,7,6,6,5,BRDeutschland,Bremen
5,4,4.5,5,4,4,BRDeutschland,Bremen
5,5,7,7,7,7,BRDeutschland,Bremen
5,6,6,6,6,6,BRDeutschland,Bremen
5,7,7,7,7,7,BRDeutschland,Bremen
5,8,4,4,4,4,BRDeutschland,Bremen
5,9,6,6,6,6,BRDeutschland,Bremen
5,10,6,6,4,5,BRDeutschland,Bremen
6,1,6,6,6,7,BRDeutschland,Chemnitz
6,2,5,4,4,5,BRDeutschland,Chemnitz
6,3,5,5,5,5,BRDeutschland,Chemnitz
7,1,7,6,6,6,BRDeutschland,Darmstadt
7,2,6,6,4,5,BRDeutschland,Darmstadt
7,3,6,6,4,7,BRDeutschland,Darmstadt
7,4,7,6,7,7,BRDeutschland,Darmstadt
7,5,6,6,6,6,BRDeutschland,Darmstadt
7,6,6,4,4,5,BRDeutschland,Darmstadt
7,7,7,5,5,7,BRDeutschland,Darmstadt
7,8,7,7,7,7,BRDeutschland,Darmstadt
7,9,6,6,6,6,BRDeutschland,Darmstadt
7,10,7,7,6,6,BRDeutschland,Darmstadt
7,11,5,4,4,6,BRDeutschland,Darmstadt
8,1,6.5,7,6,7,BRDeutschland,Dessau
8,2,5,6,6,4,BRDeutschland,Dessau
8,3,6,6,6,5,BRDeutschland,Dessau
8,4,6.5,7,6,7,BRDeutschland,Dessau
8,5,7,7,6,6,BRDeutschland,Dessau
9,1,7,7,6,7,BRDeutschland,Detmold
9,2,6,7,6,5,BRDeutschland,Detmold
9,3,4,2,2,5,BRDeutschland,Detmold
9,4,4,6,4,5,BRDeutschland,Detmold
9,5,5,4,4,5,BRDeutschland,Detmold
9,6,6,5,5,6,BRDeutschland,Detmold
10,1,5,5,5,5,BRDeutschland,Dresden
10,2,5,5,6,5,BRDeutschland,Dresden
10,3,5,5,5,6,BRDeutschland,Dresden
10,4,7,7,7,6,BRDeutschland,Dresden
11,1,7,7,7,7,BRDeutschland,Dusseldorf
11,2,7,7,7,7,BRDeutschland,Dusseldorf
11,3,6,7,7,4,BRDeutschland,Dusseldorf
11,4,6,6,6,6,BRDeutschland,Dusseldorf
11,5,6,6,6,6,BRDeutschland,Dusseldorf
11,6,6,6,6,6,BRDeutschland,Dusseldorf
11,7,7,7,7,7,BRDeutschland,Dusseldorf
11,8,6,5,5,7,BRDeutschland,Dusseldorf
11,9,5,6,6,6,BRDeutschland,Dusseldorf
11,10,7,7,7,7,BRDeutschland,Dusseldorf
11,11,6,6,6,7,BRDeutschland,Dusseldorf
11,12,7,6,7,5,BRDeutschland,Dusseldorf
11,13,5,5,5,5,BRDeutschland,Dusseldorf
11,14,7,7,7,4,BRDeutschland,Dusseldorf
12,1,6,4,5,5,BRDeutschland,Freiburg
12,2,7,7,7,7,BRDeutschland,Freiburg
12,3,4.5,6,5,4,BRDeutschland,Freiburg
12,4,1,1,1,1,BRDeutschland,Freiburg
12,5,5,6,5,6,BRDeutschland,Freiburg
12,6,7,7,7,7,BRDeutschland,Freiburg
12,7,5,5,5,5,BRDeutschland,Freiburg
12,8,1.5,2,1,1,BRDeutschland,Freiburg
12,9,7,7,7,7,BRDeutschland,Freiburg
12,10,6,7,5,4,BRDeutschland,Freiburg
12,11,6,5,6,6,BRDeutschland,Freiburg
12,12,7,7,7,7,BRDeutschland,Freiburg
12,13,5,5,5,5,BRDeutschland,Freiburg
12,14,6,7,5,7,BRDeutschland,Freiburg
12,15,6.5,4,6,5,BRDeutschland,Freiburg
12,16,7,7,6,7,BRDeutschland,Freiburg
12,17,7,6,5,7,BRDeutschland,Freiburg
12,18,7,7,7,7,BRDeutschland,Freiburg
13,1,7,7,7,7,BRDeutschland,Giessen
13,2,7,7,7,7,BRDeutschland,Giessen
13,3,5,6,5,4,BRDeutschland,Giessen
14,1,7,6,7,7,BRDeutschland,Halle
14,2,7,7,7,7,BRDeutschland,Halle
14,3,7,7,6,7,BRDeutschland,Halle
14,4,6,7,6,6,BRDeutschland,Halle
14,5,7,7,7,7,BRDeutschland,Halle
14,6,6,6,6,5,BRDeutschland,Halle
14,7,5,4,5,5,BRDeutschland,Halle
14,8,6,6,6,6,BRDeutschland,Halle
15,1,5,4,4,5,BRDeutschland,Hamburg
15,2,4.5,4,4,7,BRDeutschland,Hamburg
15,3,7,6,5,7,BRDeutschland,Hamburg
15,4,7,7,7,7,BRDeutschland,Hamburg
15,5,6,6,6,7,BRDeutschland,Hamburg
15,6,5,5,5,5,BRDeutschland,Hamburg
15,7,6,7,4,6,BRDeutschland,Hamburg
15,8,4.5,4,3,6,BRDeutschland,Hamburg
15,9,7,7,7,5,BRDeutschland,Hamburg
15,10,6,5,6,6,BRDeutschland,Hamburg
15,11,6,6,6,7,BRDeutschland,Hamburg
15,12,4,4,5,5,BRDeutschland,Hamburg
15,13,4,4,3,5,BRDeutschland,Hamburg
15,14,6.5,7,7,6,BRDeutschland,Hamburg
15,15,7,7,7,6,BRDeutschland,Hamburg
15,16,6,6,6,6,BRDeutschland,Hamburg
15,17,7,7,7,7,BRDeutschland,Hamburg
15,18,6,7,6,6,BRDeutschland,Hamburg
15,19,7,7,6,1,BRDeutschland,Hamburg
15,20,6,6,6,6,BRDeutschland,Hamburg
15,21,7,7,7,7,BRDeutschland,Hamburg
15,22,6.5,6,6,7,BRDeutschland,Hamburg
15,23,3.5,5,3,6,BRDeutschland,Hamburg
15,24,5,5,6,5,BRDeutschland,Hamburg
15,25,6,6,7,6,BRDeutschland,Hamburg
15,26,5,5,5,5,BRDeutschland,Hamburg
15,27,7,7,7,7,BRDeutschland,Hamburg
15,28,6,6,6,7,BRDeutschland,Hamburg
15,29,5,6,6,5,BRDeutschland,Hamburg
15,30,6,5,4,6,BRDeutschland,Hamburg
16,1,5,3,4,2,BRDeutschland,Hannover
16,2,4.5,4,3,5,BRDeutschland,Hannover
16,3,6,6,6,6,BRDeutschland,Hannover
16,4,4,6,4,4,BRDeutschland,Hannover
16,5,7,6,6,7,BRDeutschland,Hannover
16,6,6.5,6,7,7,BRDeutschland,Hannover
16,7,7,7,7,7,BRDeutschland,Hannover
16,8,7,6,7,7,BRDeutschland,Hannover
16,9,6,6,6,6,BRDeutschland,Hannover
16,10,6,6,6,6,BRDeutschland,Hannover
16,11,5,5,3,4,BRDeutschland,Hannover
16,12,7,6,5,6,BRDeutschland,Hannover
16,13,7,6,6,6,BRDeutschland,Hannover
16,14,7,7,7,7,BRDeutschland,Hannover
16,15,7,7,7,7,BRDeutschland,Hannover
16,16,7,7,7,7,BRDeutschland,Hannover
16,17,4,5,6,4,BRDeutschland,Hannover
16,18,6,6,5,5,BRDeutschland,Hannover
16,19,6,7,6,6,BRDeutschland,Hannover
16,20,6,5,5,6,BRDeutschland,Hannover
16,21,6,6,6,6,BRDeutschland,Hannover
16,22,7,7,7,7,BRDeutschland,Hannover
16,23,7,7,7,6,BRDeutschland,Hannover
16,24,1.5,2,4,2,BRDeutschland,Hannover
16,25,7,7,7,6,BRDeutschland,Hannover
16,26,7,7,6,7,BRDeutschland,Hannover
16,27,7,5,5,7,BRDeutschland,Hannover
16,28,7,7,4,6,BRDeutschland,Hannover
16,29,4,2,2,3,BRDeutschland,Hannover
16,30,7,7,7,7,BRDeutschland,Hannover
16,31,6,5,5,6,BRDeutschland,Hannover
16,32,5,4,5,6,BRDeutschland,Hannover
16,33,5,5,6,6,BRDeutschland,Hannover
16,34,6.5,7,5,5,BRDeutschland,Hannover
16,35,6,6,7,7,BRDeutschland,Hannover
16,36,7,7,7,7,BRDeutschland,Hannover
16,37,4,4,4,2,BRDeutschland,Hannover
16,38,5,5,3,5,BRDeutschland,Hannover
16,39,5,5,5,4,BRDeutschland,Hannover
16,40,4,4,4,7,BRDeutschland,Hannover
17,1,7,6,6,7,BRDeutschland,Karlsruhe
17,2,6,6,6,6,BRDeutschland,Karlsruhe
17,3,6,6,5,6,BRDeutschland,Karlsruhe
17,4,7,6,6,7,BRDeutschland,Karlsruhe
17,5,6,7,6,6,BRDeutschland,Karlsruhe
17,6,5,5,5,5,BRDeutschland,Karlsruhe
17,7,7,7,7,7,BRDeutschland,Karlsruhe
18,1,5,5,5,7,BRDeutschland,"Kassel,Landkreis"
18,2,6,6,6,5,BRDeutschland,"Kassel,Landkreis"
18,3,7,6,6,7,BRDeutschland,"Kassel,Landkreis"
18,4,5,6,6,5,BRDeutschland,"Kassel,Landkreis"
18,5,7,7,7,7,BRDeutschland,"Kassel,Landkreis"
18,6,4,6,6,6,BRDeutschland,"Kassel,Landkreis"
18,7,7,7,7,7,BRDeutschland,"Kassel,Landkreis"
18,8,5,6,5,5,BRDeutschland,"Kassel,Landkreis"
18,9,2,2,3,2,BRDeutschland,"Kassel,Landkreis"
18,10,6,6,6,6,BRDeutschland,"Kassel,Landkreis"
18,11,6,5,6,6,BRDeutschland,"Kassel,Landkreis"
19,1,7,7,7,6,BRDeutschland,Koblenz
19,2,5.5,7,6,4,BRDeutschland,Koblenz
19,3,6,6,6,7,BRDeutschland,Koblenz
20,1,5,5,5,4,BRDeutschland,Koln
20,2,6,7,6,6,BRDeutschland,Koln
20,3,7,7,7,7,BRDeutschland,Koln
20,4,7,6,6,5,BRDeutschland,Koln
20,5,5,5,5,5,BRDeutschland,Koln
20,6,5.5,5,4,6,BRDeutschland,Koln
20,7,6,5,5,7,BRDeutschland,Koln
20,8,7,7,7,7,BRDeutschland,Koln
20,9,5.5,5,4,6,BRDeutschland,Koln
20,10,5,7,5,4,BRDeutschland,Koln
20,11,6,6,6,7,BRDeutschland,Koln
20,12,6,6,5,6,BRDeutschland,Koln
20,13,6,7,6,3,BRDeutschland,Koln
20,14,5.5,6,5,6,BRDeutschland,Koln
20,15,4,3,3,3,BRDeutschland,Koln
20,16,7,6,5,7,BRDeutschland,Koln
20,17,5,5,5,5,BRDeutschland,Koln
20,18,7,7,6,7,BRDeutschland,Koln
20,19,6,5,6,6,BRDeutschland,Koln
20,20,6,6,6,4,BRDeutschland,Koln
20,21,6,6,6,7,BRDeutschland,Koln
20,22,5,5,4,7,BRDeutschland,Koln
20,23,5,5,5,5,BRDeutschland,Koln
20,24,3,5,4,3,BRDeutschland,Koln
20,25,5,6,6,5,BRDeutschland,Koln
20,26,7,7,7,7,BRDeutschland,Koln
20,27,5,4,4,5,BRDeutschland,Koln
20,28,4,4,4,4,BRDeutschland,Koln
20,29,7,7,7,7,BRDeutschland,Koln
20,30,4,4,4,6,BRDeutschland,Koln
20,31,4.5,4,3,6,BRDeutschland,Koln
20,32,6,6,4,7,BRDeutschland,Koln
20,33,6,5,5,5,BRDeutschland,Koln
20,34,6,6,6,6,BRDeutschland,Koln
20,35,6.5,5,6,7,BRDeutschland,Koln
20,36,5,5,5,6,BRDeutschland,Koln
20,37,1,1,1,1,BRDeutschland,Koln
20,38,6,6,6,4,BRDeutschland,Koln
20,39,6,5,5,6,BRDeutschland,Koln
20,40,6,7,7,4,BRDeutschland,Koln
20,41,5,5,5,6,BRDeutschland,Koln
20,42,6,6,6,6,BRDeutschland,Koln
20,43,6,5,6,7,BRDeutschland,Koln
20,44,7,6,6,7,BRDeutschland,Koln
20,45,6,3,3,7,BRDeutschland,Koln
20,46,6.5,5,7,7,BRDeutschland,Koln
20,47,7,7,7,7,BRDeutschland,Koln
20,48,5,5,5,4,BRDeutschland,Koln
20,49,5,6,5,7,BRDeutschland,Koln
20,50,4,4,4,4,BRDeutschland,Koln
20,51,5,3,4,5,BRDeutschland,Koln
20,52,5,7,4,7,BRDeutschland,Koln
20,53,4,4,4,4,BRDeutschland,Koln
20,54,5,4,5,7,BRDeutschland,Koln
20,55,6,5,4,5,BRDeutschland,Koln
20,56,5,5,4,4,BRDeutschland,Koln
20,57,4,5,7,1,BRDeutschland,Koln
20,58,6,7,7,5,BRDeutschland,Koln
20,59,7,7,7,5,BRDeutschland,Koln
20,60,5,4,4,3,BRDeutschland,Koln
20,61,7,7,7,5,BRDeutschland,Koln
20,62,7,7,7,7,BRDeutschland,Koln
20,63,7,7,7,7,BRDeutschland,Koln
21,1,5,6,4,7,BRDeutschland,Leipzig
21,2,4,5,5,6,BRDeutschland,Leipzig
21,3,5,7,7,7,BRDeutschland,Leipzig
21,4,7,6,6,4,BRDeutschland,Leipzig
21,5,6,6,6,6,BRDeutschland,Leipzig
21,6,5,5,6,3,BRDeutschland,Leipzig
21,7,6.5,6,6,7,BRDeutschland,Leipzig
21,8,7,7,6,7,BRDeutschland,Leipzig
21,9,7,7,7,7,BRDeutschland,Leipzig
21,10,6,6,6,6,BRDeutschland,Leipzig
22,1,7,7,7,7,BRDeutschland,Luneburg
22,2,6,6,6,5,BRDeutschland,Luneburg
22,3,4.5,4,4,4,BRDeutschland,Luneburg
22,4,6,6,6,5,BRDeutschland,Luneburg
22,5,4.5,1,6,4,BRDeutschland,Luneburg
22,6,5,5,5,5,BRDeutschland,Luneburg
22,7,7,7,7,6,BRDeutschland,Luneburg
22,8,6,6,4,6,BRDeutschland,Luneburg
22,9,5,3,4,7,BRDeutschland,Luneburg
22,10,6,5,7,4,BRDeutschland,Luneburg
22,11,1,1,2,2,BRDeutschland,Luneburg
22,12,7,7,7,7,BRDeutschland,Luneburg
22,13,5,5,5,5,BRDeutschland,Luneburg
22,14,7,7,7,7,BRDeutschland,Luneburg
22,15,7,7,7,6,BRDeutschland,Luneburg
22,16,6,5,5,7,BRDeutschland,Luneburg
22,17,6.5,5,4,7,BRDeutschland,Luneburg
22,18,7,6,4,7,BRDeutschland,Luneburg
22,19,7,7,6,7,BRDeutschland,Luneburg
22,20,7,7,7,7,BRDeutschland,Luneburg
22,21,7,7,5,3,BRDeutschland,Luneburg
22,22,6,6,6,6,BRDeutschland,Luneburg
22,23,7,7,6,6,BRDeutschland,Luneburg
22,24,5,5,4,5,BRDeutschland,Luneburg
22,25,4,5,5,3,BRDeutschland,Luneburg
22,26,5,5,4,7,BRDeutschland,Luneburg
22,27,7,7,7,7,BRDeutschland,Luneburg
23,1,6,6,6,5,BRDeutschland,Magdenburg
23,2,5.5,2,6,6,BRDeutschland,Magdenburg
23,3,6,6,6,6,BRDeutschland,Magdenburg
24,1,4.5,4,6,5,BRDeutschland,Mecklenburg-Vorpommern
24,2,7,7,7,7,BRDeutschland,Mecklenburg-Vorpommern
24,3,7,6,6,7,BRDeutschland,Mecklenburg-Vorpommern
24,4,7,6,6,7,BRDeutschland,Mecklenburg-Vorpommern
25,1,6.5,6,6,6,BRDeutschland,Mittelfranken
25,2,7,7,7,7,BRDeutschland,Mittelfranken
25,3,6,6,6,6,BRDeutschland,Mittelfranken
25,4,5,7,6,5,BRDeutschland,Mittelfranken
25,5,7,6,6,7,BRDeutschland,Mittelfranken
25,6,6,5,4,7,BRDeutschland,Mittelfranken
25,7,7,6,7,7,BRDeutschland,Mittelfranken
25,8,5,4,4,6,BRDeutschland,Mittelfranken
26,1,7,7,7,7,BRDeutschland,Münster
26,2,5,4,5,7,BRDeutschland,Münster
26,3,7,7,7,7,BRDeutschland,Münster
26,4,7,7,7,7,BRDeutschland,Münster
26,5,7,6,6,4,BRDeutschland,Münster
26,6,6,6,5,5,BRDeutschland,Münster
26,7,7,7,7,7,BRDeutschland,Münster
26,8,6,7,7,7,BRDeutschland,Münster
26,9,7,6,6,7,BRDeutschland,Münster
27,1,5.5,5,5,6,BRDeutschland,Niederbayern
27,2,5.5,6,6,5,BRDeutschland,Niederbayern
27,3,6,6,6,6,BRDeutschland,Niederbayern
28,1,7,7,6,7,BRDeutschland,Oberbayern
28,2,7,7,6,7,BRDeutschland,Oberbayern
28,3,7,1,1,6,BRDeutschland,Oberbayern
29,1,7,7,7,7,BRDeutschland,Oberfranken
29,2,7,7,7,6,BRDeutschland,Oberfranken
30,1,6,5,6,5,BRDeutschland,Oberpfalz
30,2,7,6,7,7,BRDeutschland,Oberpfalz
30,3,7,7,7,7,BRDeutschland,Oberpfalz
30,4,5,3,4,2,BRDeutschland,Oberpfalz
30,5,6,6,5,5,BRDeutschland,Oberpfalz
30,6,7,7,7,7,BRDeutschland,Oberpfalz
30,7,5.5,4,5,6,BRDeutschland,Oberpfalz
31,1,6.5,7,6,5,BRDeutschland,Rheinhessen-Pfalz
31,2,7,7,7,7,BRDeutschland,Rheinhessen-Pfalz
31,3,4,5,3,6,BRDeutschland,Rheinhessen-Pfalz
31,4,5,4,3,5,BRDeutschland,Rheinhessen-Pfalz
31,5,7,6,6,6,BRDeutschland,Rheinhessen-Pfalz
31,6,5,5,5,5,BRDeutschland,Rheinhessen-Pfalz
31,7,6.5,6,5,7,BRDeutschland,Rheinhessen-Pfalz
31,8,4,4,4,4,BRDeutschland,Rheinhessen-Pfalz
31,9,7,5,7,7,BRDeutschland,Rheinhessen-Pfalz
31,10,5.5,5,5,6,BRDeutschland,Rheinhessen-Pfalz
31,11,4,7,7,7,BRDeutschland,Rheinhessen-Pfalz
31,12,5.5,5,5,6,BRDeutschland,Rheinhessen-Pfalz
31,13,6,6,6,5,BRDeutschland,Rheinhessen-Pfalz
31,14,5.5,6,5,6,BRDeutschland,Rheinhessen-Pfalz
31,15,5,5,5,4,BRDeutschland,Rheinhessen-Pfalz
31,16,6,4,5,5,BRDeutschland,Rheinhessen-Pfalz
32,1,7,7,7,7,BRDeutschland,Saarland
32,2,7,7,7,7,BRDeutschland,Saarland
32,3,6,6,6,6,BRDeutschland,Saarland
32,4,4,4,4,5,BRDeutschland,Saarland
33,1,5,5,5,7,BRDeutschland,Schleswig-Holstein
33,2,2,3,3,2,BRDeutschland,Schleswig-Holstein
33,3,6,6,6,6,BRDeutschland,Schleswig-Holstein
33,4,6.5,4,4,6,BRDeutschland,Schleswig-Holstein
33,5,4,4,3,5,BRDeutschland,Schleswig-Holstein
33,6,7,7,7,7,BRDeutschland,Schleswig-Holstein
33,7,7,7,7,5,BRDeutschland,Schleswig-Holstein
33,8,1,1,1,1,BRDeutschland,Schleswig-Holstein
33,9,7,7,7,7,BRDeutschland,Schleswig-Holstein
33,10,5,7,6,5,BRDeutschland,Schleswig-Holstein
33,11,6,4,4,5,BRDeutschland,Schleswig-Holstein
33,12,7,7,7,5,BRDeutschland,Schleswig-Holstein
33,13,7,7,5,7,BRDeutschland,Schleswig-Holstein
33,14,6,7,7,6,BRDeutschland,Schleswig-Holstein
33,15,7,7,7,7,BRDeutschland,Schleswig-Holstein
33,16,7,7,6,7,BRDeutschland,Schleswig-Holstein
33,17,7,7,7,7,BRDeutschland,Schleswig-Holstein
33,18,5,6,4,5,BRDeutschland,Schleswig-Holstein
33,19,7,4,6,7,BRDeutschland,Schleswig-Holstein
33,20,6,6,6,6,BRDeutschland,Schleswig-Holstein
33,21,4,4,4,5,BRDeutschland,Schleswig-Holstein
33,22,7,7,7,5,BRDeutschland,Schleswig-Holstein
33,23,6,6,6,6,BRDeutschland,Schleswig-Holstein
33,24,6,5,6,6,BRDeutschland,Schleswig-Holstein
33,25,5,3,5,6,BRDeutschland,Schleswig-Holstein
33,26,7,7,7,1,BRDeutschland,Schleswig-Holstein
33,27,4.5,5,3,6,BRDeutschland,Schleswig-Holstein
33,28,6,6,6,7,BRDeutschland,Schleswig-Holstein
33,29,6,5,3,6,BRDeutschland,Schleswig-Holstein
33,30,6,6,5,5,BRDeutschland,Schleswig-Holstein
33,31,6,6,1,4,BRDeutschland,Schleswig-Holstein
33,32,5,6,5,5,BRDeutschland,Schleswig-Holstein
33,33,5.5,4,5,7,BRDeutschland,Schleswig-Holstein
33,34,4,7,7,7,BRDeutschland,Schleswig-Holstein
33,35,6,5,3,7,BRDeutschland,Schleswig-Holstein
33,36,5.5,6,4,2,BRDeutschland,Schleswig-Holstein
33,37,7,7,7,7,BRDeutschland,Schleswig-Holstein
33,38,6,6,6,6,BRDeutschland,Schleswig-Holstein
33,39,7,5,5,7,BRDeutschland,Schleswig-Holstein
33,40,7,7,7,7,BRDeutschland,Schleswig-Holstein
33,41,5,5,5,7,BRDeutschland,Schleswig-Holstein
33,42,6,6,6,6,BRDeutschland,Schleswig-Holstein
33,43,7,7,7,7,BRDeutschland,Schleswig-Holstein
33,44,7,7,7,7,BRDeutschland,Schleswig-Holstein
33,45,7,7,7,7,BRDeutschland,Schleswig-Holstein
33,46,7,7,7,7,BRDeutschland,Schleswig-Holstein
33,47,7,5,1,5,BRDeutschland,Schleswig-Holstein
33,48,7,7,7,7,BRDeutschland,Schleswig-Holstein
33,49,6,6,5,5,BRDeutschland,Schleswig-Holstein
35,1,5,5,4,6,BRDeutschland,Stuttgart
35,2,6,6,6,7,BRDeutschland,Stuttgart
35,3,5,6,6,5,BRDeutschland,Stuttgart
35,4,5,6,4,4,BRDeutschland,Stuttgart
35,5,6.5,6,6,7,BRDeutschland,Stuttgart
35,6,4,4,4,6,BRDeutschland,Stuttgart
35,7,7,7,7,6,BRDeutschland,Stuttgart
35,8,7,7,6,6,BRDeutschland,Stuttgart
35,9,4,4,4,4,BRDeutschland,Stuttgart
35,10,5,4,5,6,BRDeutschland,Stuttgart
36,1,6,7,7,7,BRDeutschland,Thuringen
36,2,6,6,5,5,BRDeutschland,Thuringen
36,3,6.5,7,6,6,BRDeutschland,Thuringen
36,4,4,6,5,2,BRDeutschland,Thuringen
36,5,5.5,4,5,4,BRDeutschland,Thuringen
36,6,2,2,2,2,BRDeutschland,Thuringen
36,7,7,7,7,7,BRDeutschland,Thuringen
36,8,6.5,6,6,7,BRDeutschland,Thuringen
36,9,5,5,3,5,BRDeutschland,Thuringen
36,10,1,1,1,1,BRDeutschland,Thuringen
36,11,6,6,6,6,BRDeutschland,Thuringen
36,12,5,6,4,6,BRDeutschland,Thuringen
36,13,5,5,5,5,BRDeutschland,Thuringen
36,14,4,4,3,4,BRDeutschland,Thuringen
37,1,6,4,5,5,BRDeutschland,Trier
37,2,4,4,4,4,BRDeutschland,Trier
37,3,5,4,5,6,BRDeutschland,Trier
37,4,5.5,6,6,6,BRDeutschland,Trier
37,5,6,7,5,7,BRDeutschland,Trier
37,6,6,6,6,4,BRDeutschland,Trier
37,7,5,4,4,6,BRDeutschland,Trier
37,8,4,6,6,5,BRDeutschland,Trier
37,9,5.5,5,5,4,BRDeutschland,Trier
37,10,6,6,5,6,BRDeutschland,Trier
37,11,6,5,6,7,BRDeutschland,Trier
37,12,6,6,6,7,BRDeutschland,Trier
37,13,6,4,5,6,BRDeutschland,Trier
37,14,7,7,7,7,BRDeutschland,Trier
37,15,5.5,6,6,5,BRDeutschland,Trier
37,16,4,4,3,4,BRDeutschland,Trier
37,17,6,5,5,7,BRDeutschland,Trier
37,18,6,4,4,6,BRDeutschland,Trier
37,19,7,7,7,5,BRDeutschland,Trier
37,20,5.5,6,5,6,BRDeutschland,Trier
37,21,3,2,3,2,BRDeutschland,Trier
39,1,5,4,5,6,BRDeutschland,Unterfranken
39,2,7,7,7,7,BRDeutschland,Unterfranken
39,3,1,1,1,1,BRDeutschland,Unterfranken
39,4,6,6,6,6,BRDeutschland,Unterfranken
39,5,6,6,5,6,BRDeutschland,Unterfranken
39,6,6,6,6,6,BRDeutschland,Unterfranken
39,7,5,4,4,7,BRDeutschland,Unterfranken
39,8,6,6,6,7,BRDeutschland,Unterfranken
39,9,7,7,7,7,BRDeutschland,Unterfranken
39,10,6,5,4,5,BRDeutschland,Unterfranken
39,11,6,6,6,7,BRDeutschland,Unterfranken
39,12,5,5,4,7,BRDeutschland,Unterfranken
39,13,4,4,4,4,BRDeutschland,Unterfranken
39,14,7,5,6,7,BRDeutschland,Unterfranken
39,15,6,6,6,6,BRDeutschland,Unterfranken
41,1,7,7,7,7,Belgique-Belgie,Antwerpen
41,2,6.5,6,6,6,Belgique-Belgie,Antwerpen
41,3,5.5,7,6,7,Belgique-Belgie,Antwerpen
41,4,6,6,6,6,Belgique-Belgie,Antwerpen
41,5,5,5,5,5,Belgique-Belgie,Antwerpen
41,6,5,5,5,6,Belgique-Belgie,Antwerpen
41,7,4,5,5,2,Belgique-Belgie,Antwerpen
41,8,5,5,4,3,Belgique-Belgie,Antwerpen
41,9,4,5,5,5,Belgique-Belgie,Antwerpen
41,10,5,5,5,6,Belgique-Belgie,Antwerpen
41,11,5,4,5,2,Belgique-Belgie,Antwerpen
41,12,7,7,7,6,Belgique-Belgie,Antwerpen
41,13,7,6,7,7,Belgique-Belgie,Antwerpen
41,14,6,6,6,6,Belgique-Belgie,Antwerpen
41,15,3.5,3,4,5,Belgique-Belgie,Antwerpen
41,16,5,6,6,5,Belgique-Belgie,Antwerpen
41,17,7,6,6,7,Belgique-Belgie,Antwerpen
41,18,5,5,5,5,Belgique-Belgie,Antwerpen
41,19,7,6,6,7,Belgique-Belgie,Antwerpen
41,20,5,5,5,5,Belgique-Belgie,Antwerpen
41,21,6.5,6,4,6,Belgique-Belgie,Antwerpen
41,22,4,5,5,5,Belgique-Belgie,Antwerpen
41,23,5,5,4,5,Belgique-Belgie,Antwerpen
41,24,3,3,4,4,Belgique-Belgie,Antwerpen
41,25,4.5,4,4,4,Belgique-Belgie,Antwerpen
41,26,7,5,7,7,Belgique-Belgie,Antwerpen
41,27,7,7,5,7,Belgique-Belgie,Antwerpen
41,28,5.5,1,1,6,Belgique-Belgie,Antwerpen
41,29,5,4,5,6,Belgique-Belgie,Antwerpen
41,30,4,4,4,3,Belgique-Belgie,Antwerpen
41,31,5,5,5,5,Belgique-Belgie,Antwerpen
41,32,6,5,5,5,Belgique-Belgie,Antwerpen
41,33,3.5,2,2,4,Belgique-Belgie,Antwerpen
41,34,4,7,1,1,Belgique-Belgie,Antwerpen
41,35,6,6,6,6,Belgique-Belgie,Antwerpen
41,36,4,5,6,7,Belgique-Belgie,Antwerpen
41,37,6,6,6,7,Belgique-Belgie,Antwerpen
42,1,7,7,7,7,Belgique-Belgie,Brabant
42,2,5.5,6,5,6,Belgique-Belgie,Brabant
42,3,5,5,6,5,Belgique-Belgie,Brabant
42,4,4,5,5,5,Belgique-Belgie,Brabant
42,5,6,6,6,7,Belgique-Belgie,Brabant
42,6,4.5,4,4,6,Belgique-Belgie,Brabant
42,7,6.5,6,6,7,Belgique-Belgie,Brabant
42,8,5,4,4,3,Belgique-Belgie,Brabant
42,9,5.5,6,6,5,Belgique-Belgie,Brabant
42,10,7,7,7,6,Belgique-Belgie,Brabant
42,11,6,6,6,6,Belgique-Belgie,Brabant
42,12,7,7,7,7,Belgique-Belgie,Brabant
42,13,4.5,6,5,5,Belgique-Belgie,Brabant
42,14,5,5,5,5,Belgique-Belgie,Brabant
42,15,6,6,6,6,Belgique-Belgie,Brabant
42,16,7,6,6,7,Belgique-Belgie,Brabant
42,17,6,5,5,6,Belgique-Belgie,Brabant
42,18,6,4,5,3,Belgique-Belgie,Brabant
42,19,7,6,6,6,Belgique-Belgie,Brabant
42,20,5.5,5,7,7,Belgique-Belgie,Brabant
42,21,6,5,5,6,Belgique-Belgie,Brabant
42,22,6,6,6,5,Belgique-Belgie,Brabant
42,23,7,7,5,6,Belgique-Belgie,Brabant
42,24,5,5,5,6,Belgique-Belgie,Brabant
42,25,6.5,6,6,7,Belgique-Belgie,Brabant
42,26,6,6,6,6,Belgique-Belgie,Brabant
43,1,4.5,5,5,2,Belgique-Belgie,Hainaut
43,2,5,3,4,5,Belgique-Belgie,Hainaut
43,3,6,5,6,6,Belgique-Belgie,Hainaut
43,4,4.5,4,4,7,Belgique-Belgie,Hainaut
43,5,7,7,7,6,Belgique-Belgie,Hainaut
43,6,6,6,6,6,Belgique-Belgie,Hainaut
43,7,5,5,4,7,Belgique-Belgie,Hainaut
43,8,6,6,6,7,Belgique-Belgie,Hainaut
44,1,5,5,5,6,Belgique-Belgie,Liege
44,2,6,5,6,6,Belgique-Belgie,Liege
44,3,5,5,2,6,Belgique-Belgie,Liege
44,4,4,4,4,5,Belgique-Belgie,Liege
44,5,6,6,1,1,Belgique-Belgie,Liege
44,6,5,6,6,5,Belgique-Belgie,Liege
44,7,7,7,7,7,Belgique-Belgie,Liege
44,8,4,5,5,6,Belgique-Belgie,Liege
44,9,5,5,5,7,Belgique-Belgie,Liege
44,10,6,6,6,7,Belgique-Belgie,Liege
44,11,1,1,1,1,Belgique-Belgie,Liege
44,12,4.5,4,3,6,Belgique-Belgie,Liege
44,13,5,5,5,5,Belgique-Belgie,Liege
44,14,3.5,5,6,4,Belgique-Belgie,Liege
44,15,5,5,5,5,Belgique-Belgie,Liege
44,16,6,4,4,7,Belgique-Belgie,Liege
44,17,6,6,6,6,Belgique-Belgie,Liege
44,18,6,4,4,4,Belgique-Belgie,Liege
44,19,6,6,6,6,Belgique-Belgie,Liege
44,20,6,6,6,6,Belgique-Belgie,Liege
44,21,7,4,4,7,Belgique-Belgie,Liege
44,22,5,5,5,7,Belgique-Belgie,Liege
44,23,7,7,7,7,Belgique-Belgie,Liege
44,24,5,5,6,6,Belgique-Belgie,Liege
44,25,6,6,6,6,Belgique-Belgie,Liege
44,26,7,7,7,7,Belgique-Belgie,Liege
44,27,2.5,7,7,2,Belgique-Belgie,Liege
44,28,4,5,5,5,Belgique-Belgie,Liege
44,29,7,7,7,7,Belgique-Belgie,Liege
44,30,4,4,4,4,Belgique-Belgie,Liege
44,31,5.5,4,5,6,Belgique-Belgie,Liege
44,32,5,5,4,6,Belgique-Belgie,Liege
44,33,5,4,4,5,Belgique-Belgie,Liege
44,34,6,5,5,5,Belgique-Belgie,Liege
44,35,6,5,5,6,Belgique-Belgie,Liege
44,36,6,6,5,5,Belgique-Belgie,Liege
44,37,6,3,4,6,Belgique-Belgie,Liege
44,38,4.5,6,6,6,Belgique-Belgie,Liege
44,39,6,6,7,6,Belgique-Belgie,Liege
44,40,6,6,6,5,Belgique-Belgie,Liege
44,41,5,5,5,5,Belgique-Belgie,Liege
44,42,7,5,5,4,Belgique-Belgie,Liege
44,43,6,6,6,6,Belgique-Belgie,Liege
44,44,7,6,6,7,Belgique-Belgie,Liege
45,1,6,4,5,6,Belgique-Belgie,LimburgB
45,2,5.5,7,6,7,Belgique-Belgie,LimburgB
45,3,5.5,6,6,6,Belgique-Belgie,LimburgB
45,4,6,6,6,5,Belgique-Belgie,LimburgB
45,5,5,4,4,5,Belgique-Belgie,LimburgB
45,6,5,4,5,5,Belgique-Belgie,LimburgB
45,7,5,5,5,5,Belgique-Belgie,LimburgB
45,8,4,2,5,5,Belgique-Belgie,LimburgB
45,9,5,5,4,6,Belgique-Belgie,LimburgB
45,10,4.5,4,4,4,Belgique-Belgie,LimburgB
45,11,7,7,7,7,Belgique-Belgie,LimburgB
45,12,4,4,5,4,Belgique-Belgie,LimburgB
45,13,7,7,7,7,Belgique-Belgie,LimburgB
45,14,4,4,4,4,Belgique-Belgie,LimburgB
45,15,6,6,6,5,Belgique-Belgie,LimburgB
45,16,6,7,5,7,Belgique-Belgie,LimburgB
45,17,6,5,6,2,Belgique-Belgie,LimburgB
45,18,5,5,5,6,Belgique-Belgie,LimburgB
45,19,5,4,4,5,Belgique-Belgie,LimburgB
45,20,7,5,5,6,Belgique-Belgie,LimburgB
45,21,5.5,4,4,6,Belgique-Belgie,LimburgB
45,22,2.5,3,4,4,Belgique-Belgie,LimburgB
45,23,5.5,7,7,6,Belgique-Belgie,LimburgB
45,24,6,4,6,6,Belgique-Belgie,LimburgB
45,25,7,7,7,7,Belgique-Belgie,LimburgB
45,26,6,6,6,7,Belgique-Belgie,LimburgB
45,27,6,7,6,4,Belgique-Belgie,LimburgB
45,28,6,6,5,4,Belgique-Belgie,LimburgB
46,1,6,6,5,6,Belgique-Belgie,LuxembourgB
46,2,6,7,6,7,Belgique-Belgie,LuxembourgB
46,3,5,5,5,5,Belgique-Belgie,LuxembourgB
46,4,6,5,5,6,Belgique-Belgie,LuxembourgB
46,5,6,5,6,7,Belgique-Belgie,LuxembourgB
46,6,6,6,6,6,Belgique-Belgie,LuxembourgB
46,7,5,4,5,5,Belgique-Belgie,LuxembourgB
46,8,6,6,6,5,Belgique-Belgie,LuxembourgB
46,9,7,7,7,5,Belgique-Belgie,LuxembourgB
46,10,6,6,6,7,Belgique-Belgie,LuxembourgB
46,11,6,6,6,6,Belgique-Belgie,LuxembourgB
46,12,5,4,4,5,Belgique-Belgie,LuxembourgB
46,13,6,5,6,7,Belgique-Belgie,LuxembourgB
46,14,5.5,5,4,6,Belgique-Belgie,LuxembourgB
47,1,5,5,5,6,Belgique-Belgie,Namur
47,2,5,5,5,4,Belgique-Belgie,Namur
47,3,6.5,7,6,7,Belgique-Belgie,Namur
49,1,4,5,2,1,Belgique-Belgie,West-Vlaanderen
49,2,5.5,6,6,5,Belgique-Belgie,West-Vlaanderen
49,3,6,6,6,7,Belgique-Belgie,West-Vlaanderen
49,4,6,7,6,5,Belgique-Belgie,West-Vlaanderen
49,5,5,6,6,6,Belgique-Belgie,West-Vlaanderen
49,6,7,7,7,7,Belgique-Belgie,West-Vlaanderen
49,7,6,5,5,5,Belgique-Belgie,West-Vlaanderen
49,8,6,6,6,6,Belgique-Belgie,West-Vlaanderen
49,9,4.5,4,5,6,Belgique-Belgie,West-Vlaanderen
49,10,3.5,5,4,2,Belgique-Belgie,West-Vlaanderen
49,11,6,5,5,6,Belgique-Belgie,West-Vlaanderen
49,12,6,4,6,2,Belgique-Belgie,West-Vlaanderen
49,13,7,5,6,6,Belgique-Belgie,West-Vlaanderen
49,14,6,6,6,6,Belgique-Belgie,West-Vlaanderen
49,15,5.5,5,5,7,Belgique-Belgie,West-Vlaanderen
49,16,6,6,6,5,Belgique-Belgie,West-Vlaanderen
49,17,6,5,4,6,Belgique-Belgie,West-Vlaanderen
49,18,5,4,4,5,Belgique-Belgie,West-Vlaanderen
49,19,7,7,7,7,Belgique-Belgie,West-Vlaanderen
49,20,4,6,7,6,Belgique-Belgie,West-Vlaanderen
49,21,6,7,6,6,Belgique-Belgie,West-Vlaanderen
49,22,6,7,7,6,Belgique-Belgie,West-Vlaanderen
49,23,5,4,6,5,Belgique-Belgie,West-Vlaanderen
49,24,5.5,7,6,6,Belgique-Belgie,West-Vlaanderen
49,25,6,6,6,5,Belgique-Belgie,West-Vlaanderen
49,26,5,6,5,6,Belgique-Belgie,West-Vlaanderen
49,27,7,6,6,6,Belgique-Belgie,West-Vlaanderen
49,28,6.5,6,7,7,Belgique-Belgie,West-Vlaanderen
49,29,7,7,7,5,Belgique-Belgie,West-Vlaanderen
49,30,6,6,6,4,Belgique-Belgie,West-Vlaanderen
49,31,6,3,4,4,Belgique-Belgie,West-Vlaanderen
49,32,6,4,4,6,Belgique-Belgie,West-Vlaanderen
49,33,7,7,7,7,Belgique-Belgie,West-Vlaanderen
49,34,6,6,6,6,Belgique-Belgie,West-Vlaanderen
49,35,6,5,5,6,Belgique-Belgie,West-Vlaanderen
49,36,6,7,7,6,Belgique-Belgie,West-Vlaanderen
49,37,4.5,6,4,6,Belgique-Belgie,West-Vlaanderen
49,38,5.5,5,4,3,Belgique-Belgie,West-Vlaanderen
49,39,6.5,5,6,6,Belgique-Belgie,West-Vlaanderen
49,40,7,7,6,7,Belgique-Belgie,West-Vlaanderen
49,41,5.5,4,4,5,Belgique-Belgie,West-Vlaanderen
49,42,5.5,5,5,6,Belgique-Belgie,West-Vlaanderen
49,43,6,6,6,6,Belgique-Belgie,West-Vlaanderen
49,44,6,6,6,7,Belgique-Belgie,West-Vlaanderen
49,45,5,5,4,5,Belgique-Belgie,West-Vlaanderen
49,46,6,4,5,6,Belgique-Belgie,West-Vlaanderen
49,47,5,5,4,5,Belgique-Belgie,West-Vlaanderen
49,48,4,6,6,6,Belgique-Belgie,West-Vlaanderen
49,49,6,5,5,6,Belgique-Belgie,West-Vlaanderen
49,50,7,4,6,6,Belgique-Belgie,West-Vlaanderen
49,51,2,2,2,2,Belgique-Belgie,West-Vlaanderen
49,52,6,5,5,5,Belgique-Belgie,West-Vlaanderen
49,53,5,4,5,4,Belgique-Belgie,West-Vlaanderen
49,54,5,5,5,2,Belgique-Belgie,West-Vlaanderen
49,55,5.5,2,3,7,Belgique-Belgie,West-Vlaanderen
49,56,6,4,5,5,Belgique-Belgie,West-Vlaanderen
49,57,5,4,4,2,Belgique-Belgie,West-Vlaanderen
49,58,5,4,5,5,Belgique-Belgie,West-Vlaanderen
49,59,7,7,6,7,Belgique-Belgie,West-Vlaanderen
49,60,5,5,5,5,Belgique-Belgie,West-Vlaanderen
49,61,6,6,1,6,Belgique-Belgie,West-Vlaanderen
49,62,6,5,5,5,Belgique-Belgie,West-Vlaanderen
49,63,4,3,3,3,Belgique-Belgie,West-Vlaanderen
49,64,6,7,6,5,Belgique-Belgie,West-Vlaanderen
49,65,6.5,6,5,7,Belgique-Belgie,West-Vlaanderen
49,66,6,6,5,6,Belgique-Belgie,West-Vlaanderen
50,1,6,7,7,6,Espana,Andalucia
50,2,5.5,5,5,6,Espana,Andalucia
50,3,7,7,7,7,Espana,Andalucia
50,4,5,7,7,6,Espana,Andalucia
50,5,4.5,6,4,7,Espana,Andalucia
50,6,6,6,6,6,Espana,Andalucia
50,7,7,7,7,5,Espana,Andalucia
50,8,7,6,7,4,Espana,Andalucia
50,9,6,6,6,6,Espana,Andalucia
50,10,2,1,1,2,Espana,Andalucia
50,11,7,7,7,6,Espana,Andalucia
50,12,6.5,6,6,5,Espana,Andalucia
50,13,6,6,7,7,Espana,Andalucia
50,14,7,7,7,7,Espana,Andalucia
50,15,4,4,3,1,Espana,Andalucia
50,16,6,5,5,6,Espana,Andalucia
50,17,7,6,6,5,Espana,Andalucia
50,18,2,1,1,2,Espana,Andalucia
50,19,1,1,1,1,Espana,Andalucia
50,20,5.5,6,6,5,Espana,Andalucia
50,21,7,7,7,7,Espana,Andalucia
50,22,7,7,7,1,Espana,Andalucia
50,23,5,4,4,3,Espana,Andalucia
50,24,7,7,7,3,Espana,Andalucia
50,25,6,6,6,5,Espana,Andalucia
50,26,7,7,7,7,Espana,Andalucia
50,27,6.5,7,7,6,Espana,Andalucia
50,28,7,7,7,7,Espana,Andalucia
50,29,6,1,2,7,Espana,Andalucia
51,1,6,3,4,3,Espana,Aragon
51,2,6,6,6,7,Espana,Aragon
51,3,5,5,5,5,Espana,Aragon
51,4,6,6,6,6,Espana,Aragon
51,5,6,7,7,6,Espana,Aragon
52,1,5,5,6,5,Espana,Asturias
52,2,4,4,4,5,Espana,Asturias
52,3,6,6,6,6,Espana,Asturias
52,4,7,7,7,7,Espana,Asturias
52,5,5,5,7,7,Espana,Asturias
52,6,7,7,7,7,Espana,Asturias
52,7,5,6,6,5,Espana,Asturias
52,8,7,7,7,7,Espana,Asturias
52,9,6.5,7,6,6,Espana,Asturias
52,10,7,7,7,7,Espana,Asturias
52,11,1,1,1,1,Espana,Asturias
52,12,7,7,7,7,Espana,Asturias
52,13,6,6,6,7,Espana,Asturias
52,14,7,7,6,7,Espana,Asturias
52,15,3,4,4,4,Espana,Asturias
52,16,2,2,2,2,Espana,Asturias
52,17,5.5,4,6,4,Espana,Asturias
52,18,7,7,7,7,Espana,Asturias
52,19,5,5,5,5,Espana,Asturias
52,20,6,6,6,5,Espana,Asturias
52,21,6,7,7,6,Espana,Asturias
52,22,6,6,6,5,Espana,Asturias
52,23,6,5,6,6,Espana,Asturias
53,1,5.5,7,5,4,Espana,Cantabria
53,2,4,6,5,5,Espana,Cantabria
53,3,6,6,5,6,Espana,Cantabria
53,4,7,7,7,7,Espana,Cantabria
53,5,6.5,7,5,6,Espana,Cantabria
53,6,7,7,7,7,Espana,Cantabria
53,7,1,1,1,1,Espana,Cantabria
53,8,5,4,4,6,Espana,Cantabria
53,9,5,5,5,5,Espana,Cantabria
53,10,6,6,6,6,Espana,Cantabria
53,11,6,6,7,7,Espana,Cantabria
53,12,6,7,7,5,Espana,Cantabria
53,13,6.5,7,7,7,Espana,Cantabria
53,14,6,6,6,7,Espana,Cantabria
53,15,5,5,5,6,Espana,Cantabria
53,16,6,4,5,5,Espana,Cantabria
53,17,6,6,5,7,Espana,Cantabria
53,18,6,7,7,7,Espana,Cantabria
53,19,7,6,6,6,Espana,Cantabria
53,20,7,7,7,7,Espana,Cantabria
53,21,4.5,5,5,5,Espana,Cantabria
53,22,7,7,7,7,Espana,Cantabria
53,23,6,6,6,6,Espana,Cantabria
53,24,4,5,4,5,Espana,Cantabria
53,25,7,7,7,7,Espana,Cantabria
53,26,2,2,2,2,Espana,Cantabria
53,27,6,7,6,7,Espana,Cantabria
53,28,4.5,7,3,7,Espana,Cantabria
53,29,4,4,4,4,Espana,Cantabria
53,30,6,3,4,5,Espana,Cantabria
53,31,5,5,5,7,Espana,Cantabria
53,32,4,4,3,4,Espana,Cantabria
53,33,7,5,6,7,Espana,Cantabria
53,34,6,7,7,7,Espana,Cantabria
53,35,5,5,6,6,Espana,Cantabria
53,36,6.5,6,7,6,Espana,Cantabria
53,37,6,5,6,6,Espana,Cantabria
53,38,5.5,1,2,5,Espana,Cantabria
53,39,5,4,4,5,Espana,Cantabria
53,40,5,5,5,6,Espana,Cantabria
53,41,6.5,7,6,6,Espana,Cantabria
53,42,5,3,2,6,Espana,Cantabria
53,43,7,3,3,7,Espana,Cantabria
53,44,7,6,6,7,Espana,Cantabria
53,45,6,6,6,6,Espana,Cantabria
53,46,5.5,5,5,6,Espana,Cantabria
53,47,4,4,4,4,Espana,Cantabria
53,48,7,5,7,7,Espana,Cantabria
53,49,6,7,7,6,Espana,Cantabria
53,50,6,7,7,6,Espana,Cantabria
53,51,7,7,7,7,Espana,Cantabria
53,52,5,6,5,6,Espana,Cantabria
53,53,6,6,7,7,Espana,Cantabria
53,54,5.5,5,7,6,Espana,Cantabria
53,55,6,5,6,7,Espana,Cantabria
53,56,5,4,4,7,Espana,Cantabria
53,57,4,4,5,3,Espana,Cantabria
53,58,4,6,5,6,Espana,Cantabria
53,59,4,4,4,5,Espana,Cantabria
53,60,6,5,5,6,Espana,Cantabria
53,61,6,6,6,5,Espana,Cantabria
53,62,6,5,5,6,Espana,Cantabria
53,63,6.5,7,6,7,Espana,Cantabria
53,64,6,6,6,7,Espana,Cantabria
53,65,6,6,6,6,Espana,Cantabria
53,66,4,4,6,1,Espana,Cantabria
53,67,7,7,7,7,Espana,Cantabria
53,68,7,6,6,5,Espana,Cantabria
53,69,6,5,7,6,Espana,Cantabria
53,70,1,1,1,1,Espana,Cantabria
53,71,4.5,5,6,4,Espana,Cantabria
53,72,7,5,5,7,Espana,Cantabria
53,73,7,7,7,6,Espana,Cantabria
53,74,5,5,5,7,Espana,Cantabria
53,75,6,6,6,7,Espana,Cantabria
53,76,5,5,5,7,Espana,Cantabria
53,77,5,6,6,4,Espana,Cantabria
53,78,5,4,5,5,Espana,Cantabria
53,79,7,7,7,7,Espana,Cantabria
54,1,6,7,7,7,Espana,Castilla-LaMancha
54,2,6,6,6,7,Espana,Castilla-LaMancha
54,3,7,6,6,6,Espana,Castilla-LaMancha
54,4,6,7,7,7,Espana,Castilla-LaMancha
54,5,4,6,7,1,Espana,Castilla-LaMancha
55,1,5,5,5,5,Espana,Castilla-Leon
55,2,5,5,5,5,Espana,Castilla-Leon
55,3,6,6,6,6,Espana,Castilla-Leon
55,4,6.5,7,7,7,Espana,Castilla-Leon
55,5,5.5,6,5,6,Espana,Castilla-Leon
55,6,7,7,1,7,Espana,Castilla-Leon
55,7,6,6,6,6,Espana,Castilla-Leon
55,8,7,7,7,7,Espana,Castilla-Leon
55,9,7,7,7,7,Espana,Castilla-Leon
55,10,6,6,6,6,Espana,Castilla-Leon
55,11,6.5,6,6,6,Espana,Castilla-Leon
55,12,6,6,6,6,Espana,Castilla-Leon
55,13,1,1,1,1,Espana,Castilla-Leon
55,14,7,7,7,5,Espana,Castilla-Leon
56,1,6,6,6,7,Espana,Cataluna
56,2,4,4,4,2,Espana,Cataluna
56,3,5,5,5,4,Espana,Cataluna
56,4,5,5,5,5,Espana,Cataluna
56,5,6,6,5,6,Espana,Cataluna
56,6,7,7,7,6,Espana,Cataluna
56,7,7,5,6,6,Espana,Cataluna
56,8,6,6,6,7,Espana,Cataluna
56,9,7,7,7,7,Espana,Cataluna
56,10,6,7,7,6,Espana,Cataluna
56,11,7,7,6,7,Espana,Cataluna
56,12,7,7,7,7,Espana,Cataluna
56,13,7,6,7,7,Espana,Cataluna
57,1,5,5,5,5,Espana,ComunidadValenciana
57,2,7,7,7,6,Espana,ComunidadValenciana
57,3,5,6,6,5,Espana,ComunidadValenciana
57,4,6,6,7,7,Espana,ComunidadValenciana
57,5,5,5,4,3,Espana,ComunidadValenciana
57,6,7,7,7,7,Espana,ComunidadValenciana
57,7,5.5,6,6,6,Espana,ComunidadValenciana
57,8,5.5,6,6,6,Espana,ComunidadValenciana
57,9,5,6,6,4,Espana,ComunidadValenciana
57,10,6,6,6,5,Espana,ComunidadValenciana
57,11,6,6,6,6,Espana,ComunidadValenciana
57,12,6,6,7,6,Espana,ComunidadValenciana
57,13,7,7,7,7,Espana,ComunidadValenciana
57,14,5,5,5,5,Espana,ComunidadValenciana
57,15,5.5,4,4,3,Espana,ComunidadValenciana
57,16,5.5,5,7,5,Espana,ComunidadValenciana
57,17,6.5,6,5,7,Espana,ComunidadValenciana
57,18,5,6,5,4,Espana,ComunidadValenciana
57,19,7,7,6,5,Espana,ComunidadValenciana
57,20,5.5,6,5,4,Espana,ComunidadValenciana
57,21,5.5,5,6,4,Espana,ComunidadValenciana
57,22,5,4,5,4,Espana,ComunidadValenciana
57,23,6,6,6,5,Espana,ComunidadValenciana
57,24,5,5,6,5,Espana,ComunidadValenciana
57,25,6,6,6,3,Espana,ComunidadValenciana
57,26,5,5,4,6,Espana,ComunidadValenciana
57,27,6,7,7,5,Espana,ComunidadValenciana
57,28,4.5,5,6,7,Espana,ComunidadValenciana
57,29,5,5,5,5,Espana,ComunidadValenciana
57,30,7,6,7,7,Espana,ComunidadValenciana
57,31,6,6,6,5,Espana,ComunidadValenciana
57,32,5,5,5,5,Espana,ComunidadValenciana
57,33,5.5,7,6,6,Espana,ComunidadValenciana
57,34,5.5,5,6,5,Espana,ComunidadValenciana
57,35,6,7,7,6,Espana,ComunidadValenciana
57,36,4,5,5,7,Espana,ComunidadValenciana
57,37,5,7,6,5,Espana,ComunidadValenciana
57,38,5,6,6,5,Espana,ComunidadValenciana
57,39,6,6,6,6,Espana,ComunidadValenciana
57,40,6,6,6,5,Espana,ComunidadValenciana
57,41,7,7,7,7,Espana,ComunidadValenciana
58,1,6.5,5,4,7,Espana,Extremadura
58,2,7,7,6,6,Espana,Extremadura
59,1,7,7,7,7,Espana,Galicia
59,2,7,7,7,7,Espana,Galicia
59,3,6,5,5,6,Espana,Galicia
59,4,7,7,7,7,Espana,Galicia
59,5,2,2,2,2,Espana,Galicia
59,6,2,2,2,2,Espana,Galicia
59,7,4,5,5,4,Espana,Galicia
59,8,4,7,6,3,Espana,Galicia
59,9,7,7,7,7,Espana,Galicia
59,10,7,7,7,7,Espana,Galicia
59,11,7,6,6,7,Espana,Galicia
59,12,6.5,6,7,7,Espana,Galicia
59,13,7,7,7,7,Espana,Galicia
59,14,7,7,7,7,Espana,Galicia
59,15,6.5,6,7,7,Espana,Galicia
59,16,7,7,7,7,Espana,Galicia
59,17,4.5,6,5,6,Espana,Galicia
59,18,6,7,6,6,Espana,Galicia
59,19,7,6,5,6,Espana,Galicia
59,20,1,1,1,1,Espana,Galicia
59,21,6,6,6,6,Espana,Galicia
59,22,7,7,7,7,Espana,Galicia
59,23,4,7,4,4,Espana,Galicia
59,24,7,7,7,7,Espana,Galicia
59,25,4,5,5,5,Espana,Galicia
59,26,6.5,7,7,7,Espana,Galicia
59,27,5,5,5,4,Espana,Galicia
59,28,5,5,6,6,Espana,Galicia
59,29,7,6,5,5,Espana,Galicia
59,30,6.5,6,7,6,Espana,Galicia
59,31,5.5,2,6,7,Espana,Galicia
59,32,6.5,6,6,7,Espana,Galicia
59,33,7,7,4,7,Espana,Galicia
59,34,7,7,6,3,Espana,Galicia
59,35,7,6,6,7,Espana,Galicia
59,36,4,2,1,2,Espana,Galicia
59,37,6,6,5,6,Espana,Galicia
59,38,6,6,7,7,Espana,Galicia
59,39,2.5,1,4,7,Espana,Galicia
59,40,4.5,4,3,5,Espana,Galicia
59,41,6,6,6,5,Espana,Galicia
59,42,5,4,6,4,Espana,Galicia
59,43,7,5,6,6,Espana,Galicia
59,44,4.5,5,5,5,Espana,Galicia
59,45,7,6,6,7,Espana,Galicia
59,46,7,7,7,6,Espana,Galicia
59,47,4,4,6,4,Espana,Galicia
59,48,4.5,4,5,3,Espana,Galicia
59,49,4.5,5,4,5,Espana,Galicia
59,50,5,3,6,5,Espana,Galicia
59,51,4.5,4,5,5,Espana,Galicia
59,52,5,4,5,6,Espana,Galicia
59,53,7,7,7,7,Espana,Galicia
59,54,4,4,4,1,Espana,Galicia
59,55,7,7,7,7,Espana,Galicia
59,56,7,7,7,6,Espana,Galicia
59,57,6,6,6,7,Espana,Galicia
59,58,7,7,7,7,Espana,Galicia
59,59,6,5,5,6,Espana,Galicia
59,60,6.5,6,6,7,Espana,Galicia
59,61,7,7,7,7,Espana,Galicia
59,62,7,7,7,7,Espana,Galicia
59,63,1,1,1,1,Espana,Galicia
59,64,4.5,4,5,3,Espana,Galicia
59,65,7,7,7,7,Espana,Galicia
59,66,4.5,4,5,3,Espana,Galicia
59,67,5,2,2,1,Espana,Galicia
59,68,5.5,6,6,6,Espana,Galicia
59,69,6,5,7,6,Espana,Galicia
59,70,7,7,7,7,Espana,Galicia
59,71,6,5,5,6,Espana,Galicia
59,72,5,5,4,5,Espana,Galicia
59,73,3,2,1,7,Espana,Galicia
59,74,4.5,4,4,5,Espana,Galicia
59,75,5,6,6,5,Espana,Galicia
59,76,5.5,7,6,6,Espana,Galicia
59,77,6,6,6,6,Espana,Galicia
59,78,7,7,7,6,Espana,Galicia
59,79,5,5,5,5,Espana,Galicia
59,80,6.5,6,7,5,Espana,Galicia
59,81,4,6,1,6,Espana,Galicia
59,82,4,4,6,7,Espana,Galicia
59,83,6,6,5,5,Espana,Galicia
59,84,6,6,5,5,Espana,Galicia
59,85,6,6,5,5,Espana,Galicia
59,86,6,7,7,6,Espana,Galicia
59,87,5,5,5,5,Espana,Galicia
59,88,5.5,6,6,5,Espana,Galicia
59,89,5,6,5,5,Espana,Galicia
59,90,5,5,5,5,Espana,Galicia
59,91,6,6,7,6,Espana,Galicia
59,92,4.5,4,7,5,Espana,Galicia
59,93,4,4,3,4,Espana,Galicia
59,94,4.5,4,5,5,Espana,Galicia
59,95,6.5,5,5,6,Espana,Galicia
59,96,4.5,6,5,5,Espana,Galicia
59,97,6,5,4,6,Espana,Galicia
59,98,4.5,5,6,6,Espana,Galicia
59,99,5,6,5,7,Espana,Galicia
59,100,4.5,5,4,6,Espana,Galicia
59,101,5.5,5,5,6,Espana,Galicia
59,102,4.5,6,5,5,Espana,Galicia
59,103,4,4,5,4,Espana,Galicia
59,104,4.5,5,5,5,Espana,Galicia
59,105,4.5,5,4,5,Espana,Galicia
59,106,4.5,5,4,6,Espana,Galicia
59,107,5.5,6,6,4,Espana,Galicia
59,108,4,5,4,4,Espana,Galicia
59,109,4,4,5,4,Espana,Galicia
59,110,4,5,4,5,Espana,Galicia
59,111,5,5,5,5,Espana,Galicia
59,112,4.5,4,5,6,Espana,Galicia
59,113,5,6,6,4,Espana,Galicia
59,114,4.5,4,4,5,Espana,Galicia
59,115,5,5,4,5,Espana,Galicia
59,116,4.5,4,2,5,Espana,Galicia
59,117,6,6,6,6,Espana,Galicia
59,118,3.5,4,6,3,Espana,Galicia
59,119,4.5,6,5,3,Espana,Galicia
59,120,4,3,5,4,Espana,Galicia
59,121,4.5,4,5,4,Espana,Galicia
59,122,4.5,6,5,3,Espana,Galicia
59,123,4.5,4,5,3,Espana,Galicia
59,124,4,4,5,3,Espana,Galicia
59,125,4,5,3,4,Espana,Galicia
59,126,3.5,3,5,3,Espana,Galicia
59,127,3.5,5,4,5,Espana,Galicia
59,128,6,6,6,6,Espana,Galicia
59,129,7,7,7,7,Espana,Galicia
59,130,7,6,6,6,Espana,Galicia
59,131,6,6,5,6,Espana,Galicia
59,132,5,5,5,5,Espana,Galicia
59,133,4,4,4,4,Espana,Galicia
59,134,5,7,7,7,Espana,Galicia
59,135,7,6,6,7,Espana,Galicia
59,136,5,6,6,5,Espana,Galicia
59,137,7,7,7,7,Espana,Galicia
60,1,6,6,6,6,Espana,Madrid
60,2,5.5,6,5,7,Espana,Madrid
60,3,7,6,7,6,Espana,Madrid
60,4,7,5,5,5,Espana,Madrid
60,5,7,7,7,7,Espana,Madrid
60,6,5,5,5,5,Espana,Madrid
60,7,7,7,7,7,Espana,Madrid
61,1,4,5,4,1,Espana,Murcia
61,2,6,7,6,5,Espana,Murcia
61,3,5.5,7,7,5,Espana,Murcia
61,4,5,6,6,3,Espana,Murcia
61,5,6,5,6,5,Espana,Murcia
61,6,5,5,5,5,Espana,Murcia
61,7,5.5,6,6,6,Espana,Murcia
61,8,7,7,7,7,Espana,Murcia
61,9,5,6,5,4,Espana,Murcia
61,10,7,7,7,7,Espana,Murcia
62,1,7,7,7,7,Espana,Navarra
62,2,7,7,7,7,Espana,Navarra
62,3,6,6,5,3,Espana,Navarra
62,4,6,6,6,7,Espana,Navarra
62,5,5,5,7,7,Espana,Navarra
62,6,4,4,4,4,Espana,Navarra
62,7,3,1,1,1,Espana,Navarra
63,1,6,6,7,5,Espana,PaisVasco
63,2,7,7,7,7,Espana,PaisVasco
63,3,4,4,3,1,Espana,PaisVasco
63,4,5.5,6,7,7,Espana,PaisVasco
63,5,5.5,6,7,7,Espana,PaisVasco
63,6,5.5,6,6,7,Espana,PaisVasco
63,7,6,5,6,6,Espana,PaisVasco
63,8,7,7,7,7,Espana,PaisVasco
63,9,4,3,4,5,Espana,PaisVasco
64,1,7,7,7,5,Espana,Rioja
64,2,5,5,5,5,Espana,Rioja
64,3,6,6,6,6,Espana,Rioja
64,4,4.5,4,4,3,Espana,Rioja
64,5,7,7,6,7,Espana,Rioja
64,6,7,7,7,5,Espana,Rioja
64,7,4.5,3,4,4,Espana,Rioja
64,8,7,7,7,7,Espana,Rioja
64,9,7,7,7,6,Espana,Rioja
64,10,7,7,6,7,Espana,Rioja
64,11,5,4,5,6,Espana,Rioja
65,1,6,7,7,6,France,Alsace
65,2,4.5,5,4,6,France,Alsace
65,3,6,7,7,6,France,Alsace
65,4,5,5,5,6,France,Alsace
65,5,7,7,7,7,France,Alsace
65,6,6,7,5,7,France,Alsace
65,7,7,6,6,7,France,Alsace
65,8,6,6,6,5,France,Alsace
65,9,4.5,6,6,6,France,Alsace
65,10,5,4,4,6,France,Alsace
65,11,7,7,6,6,France,Alsace
65,12,6,6,6,7,France,Alsace
65,13,6,6,6,6,France,Alsace
65,14,6,5,6,5,France,Alsace
65,15,6,7,7,6,France,Alsace
65,16,6,7,6,7,France,Alsace
65,17,7,7,7,7,France,Alsace
65,18,5.5,5,3,6,France,Alsace
65,19,6,6,5,5,France,Alsace
65,20,4,4,4,4,France,Alsace
65,21,5,5,3,5,France,Alsace
65,22,6,6,5,6,France,Alsace
65,23,5,5,5,3,France,Alsace
65,24,5,5,6,4,France,Alsace
65,25,6,6,6,7,France,Alsace
65,26,5,5,5,6,France,Alsace
65,27,7,7,6,6,France,Alsace
65,28,7,7,7,7,France,Alsace
65,29,5,5,4,6,France,Alsace
65,30,5,5,5,5,France,Alsace
65,31,6,6,6,5,France,Alsace
65,32,7,6,6,7,France,Alsace
65,33,5,5,5,4,France,Alsace
65,34,7,7,7,5,France,Alsace
65,35,4.5,5,4,4,France,Alsace
65,36,6,4,4,5,France,Alsace
65,37,6,7,7,6,France,Alsace
65,38,7,7,6,7,France,Alsace
65,39,4.5,2,3,6,France,Alsace
65,40,7,6,6,7,France,Alsace
65,41,5,5,5,5,France,Alsace
65,42,6,4,6,6,France,Alsace
65,43,7,6,7,7,France,Alsace
65,44,6.5,6,6,6,France,Alsace
65,45,7,7,7,7,France,Alsace
65,46,6,5,4,4,France,Alsace
65,47,6,6,6,6,France,Alsace
65,48,7,7,6,7,France,Alsace
65,49,6.5,6,5,5,France,Alsace
65,50,6,5,7,5,France,Alsace
65,51,6,4,6,5,France,Alsace
65,52,6,4,6,3,France,Alsace
65,53,6,6,6,5,France,Alsace
65,54,7,7,7,7,France,Alsace
65,55,5,5,5,4,France,Alsace
65,56,5,4,4,5,France,Alsace
65,57,7,7,7,7,France,Alsace
65,58,7,7,7,7,France,Alsace
65,59,6,6,7,7,France,Alsace
65,60,5,5,6,5,France,Alsace
65,61,7,7,6,6,France,Alsace
65,62,4.5,5,5,4,France,Alsace
65,63,6,6,6,7,France,Alsace
65,64,6,7,7,5,France,Alsace
65,65,1.5,1,1,3,France,Alsace
65,66,7,7,7,7,France,Alsace
66,1,6,6,6,6,France,Aquitaine
66,2,5,4,5,5,France,Aquitaine
66,3,7,6,7,6,France,Aquitaine
66,4,7,6,6,7,France,Aquitaine
66,5,6,7,7,6,France,Aquitaine
66,6,5,5,5,5,France,Aquitaine
66,7,7,6,7,7,France,Aquitaine
67,1,4,4,4,3,France,Auvergne
67,2,5,4,4,5,France,Auvergne
67,3,6,6,4,7,France,Auvergne
67,4,5,4,4,5,France,Auvergne
67,5,5.5,6,6,7,France,Auvergne
67,6,7,7,7,7,France,Auvergne
67,7,5,6,6,7,France,Auvergne
67,8,7,7,7,7,France,Auvergne
69,1,6,6,5,7,France,Bourgogne
69,2,6,6,6,5,France,Bourgogne
69,3,5,6,5,5,France,Bourgogne
69,4,6,6,7,7,France,Bourgogne
70,1,5,5,5,6,France,Bretagne
70,2,5,5,5,5,France,Bretagne
70,3,6,6,4,7,France,Bretagne
70,4,7,5,5,6,France,Bretagne
70,5,6,6,5,5,France,Bretagne
70,6,7,7,7,7,France,Bretagne
70,7,7,7,7,7,France,Bretagne
70,8,5,5,5,5,France,Bretagne
71,1,5.5,4,5,4,France,Centre
71,2,5,6,5,5,France,Centre
71,3,6,6,5,6,France,Centre
71,4,7,7,6,7,France,Centre
71,5,6,4,4,6,France,Centre
71,6,6,5,5,5,France,Centre
71,7,6,5,6,5,France,Centre
72,1,6,6,6,5,France,Champagne-Ardenne
72,2,7,7,7,7,France,Champagne-Ardenne
72,3,6,7,5,6,France,Champagne-Ardenne
72,4,6.5,6,6,7,France,Champagne-Ardenne
72,5,6,6,6,7,France,Champagne-Ardenne
72,6,6,6,6,7,France,Champagne-Ardenne
72,7,7,7,7,7,France,Champagne-Ardenne
72,8,7,6,6,7,France,Champagne-Ardenne
75,1,5,7,5,4,France,IledeFrance
75,2,7,7,7,7,France,IledeFrance
75,3,6,5,6,6,France,IledeFrance
75,4,7,7,7,7,France,IledeFrance
75,5,5,6,7,6,France,IledeFrance
75,6,7,7,7,7,France,IledeFrance
75,7,6,6,7,7,France,IledeFrance
75,8,6,7,6,7,France,IledeFrance
75,9,7,7,7,7,France,IledeFrance
75,10,7,7,7,7,France,IledeFrance
76,1,6,6,7,4,France,Languedoc-Roussillon
76,2,6,6,6,6,France,Languedoc-Roussillon
76,3,6,6,6,6,France,Languedoc-Roussillon
76,4,5.5,5,6,5,France,Languedoc-Roussillon
76,5,7,7,7,7,France,Languedoc-Roussillon
76,6,7,7,7,7,France,Languedoc-Roussillon
77,1,7,7,6,7,France,Limousin
77,2,7,5,5,7,France,Limousin
77,3,6,5,4,5,France,Limousin
77,4,5.5,5,5,6,France,Limousin
77,5,6,6,5,6,France,Limousin
77,6,5,4,4,5,France,Limousin
77,7,7,6,6,7,France,Limousin
77,8,7,6,6,7,France,Limousin
77,9,5.5,7,5,5,France,Limousin
77,10,7,7,7,6,France,Limousin
77,11,7,7,7,7,France,Limousin
77,12,5,5,5,5,France,Limousin
77,13,7,7,7,7,France,Limousin
77,14,6,7,7,7,France,Limousin
77,15,6,7,7,6,France,Limousin
77,16,5,5,5,5,France,Limousin
77,17,5,5,6,4,France,Limousin
77,18,7,7,7,6,France,Limousin
77,19,7,6,6,6,France,Limousin
77,20,6,6,6,6,France,Limousin
78,1,6,6,5,6,France,Lorraine
78,2,7,7,6,6,France,Lorraine
78,3,5,5,5,5,France,Lorraine
78,4,6.5,7,7,6,France,Lorraine
78,5,5.5,6,6,6,France,Lorraine
78,6,7,7,7,7,France,Lorraine
78,7,6,6,6,7,France,Lorraine
78,8,4,4,5,3,France,Lorraine
78,9,6,5,5,5,France,Lorraine
78,10,6,6,7,6,France,Lorraine
79,1,6,6,6,6,France,Midi-Pyrenees
79,2,6,6,6,5,France,Midi-Pyrenees
79,3,6,7,6,5,France,Midi-Pyrenees
79,4,6,6,5,6,France,Midi-Pyrenees
79,5,6,5,6,7,France,Midi-Pyrenees
79,6,5,5,5,5,France,Midi-Pyrenees
79,7,5.5,5,6,5,France,Midi-Pyrenees
79,8,6,6,6,7,France,Midi-Pyrenees
81,1,7,7,7,7,France,PaysdelaLoire
81,2,7,7,7,7,France,PaysdelaLoire
81,3,5,4,4,4,France,PaysdelaLoire
81,4,7,7,7,5,France,PaysdelaLoire
81,5,6,5,5,6,France,PaysdelaLoire
81,6,4,4,4,4,France,PaysdelaLoire
81,7,5,5,5,6,France,PaysdelaLoire
81,8,5,5,4,5,France,PaysdelaLoire
81,9,6,5,6,5,France,PaysdelaLoire
82,1,6,4,6,5,France,Picardie
82,2,4.5,5,5,4,France,Picardie
82,3,5,6,6,5,France,Picardie
82,4,6.5,6,6,6,France,Picardie
82,5,5,5,5,5,France,Picardie
82,6,6,6,6,6,France,Picardie
82,7,6,5,6,7,France,Picardie
82,8,7,6,6,7,France,Picardie
82,9,6,6,6,7,France,Picardie
83,1,7,6,4,4,France,Poitou-Charentes
83,2,6,6,6,6,France,Poitou-Charentes
83,3,5,5,5,5,France,Poitou-Charentes
83,4,6,6,6,6,France,Poitou-Charentes
83,5,5,5,4,5,France,Poitou-Charentes
83,6,6,6,2,7,France,Poitou-Charentes
83,7,7,7,7,7,France,Poitou-Charentes
83,8,6,6,6,6,France,Poitou-Charentes
83,9,6,6,6,6,France,Poitou-Charentes
83,10,7,7,7,6,France,Poitou-Charentes
85,1,6.5,5,6,5,France,Rhone-Alpes
85,2,6,4,4,5,France,Rhone-Alpes
85,3,5.5,6,6,5,France,Rhone-Alpes
85,4,5,5,5,6,France,Rhone-Alpes
85,5,4,4,4,3,France,Rhone-Alpes
85,6,4,4,5,5,France,Rhone-Alpes
85,7,5,4,5,4,France,Rhone-Alpes
85,8,4,3,3,5,France,Rhone-Alpes
85,9,5,5,4,5,France,Rhone-Alpes
85,10,4,3,6,4,France,Rhone-Alpes
85,11,7,6,6,7,France,Rhone-Alpes
86,1,7,7,7,7,Italia,Abruzzi
86,2,6.5,6,6,4,Italia,Abruzzi
86,3,6,4,5,4,Italia,Abruzzi
86,4,5.5,6,6,6,Italia,Abruzzi
86,5,7,7,7,7,Italia,Abruzzi
86,6,4,7,6,5,Italia,Abruzzi
86,7,6.5,7,6,7,Italia,Abruzzi
90,1,7,6,6,6,Italia,Emilia-Romagna
90,2,6,6,5,5,Italia,Emilia-Romagna
90,3,2,1,4,2,Italia,Emilia-Romagna
91,1,7,7,7,7,Italia,Friuli-VeneziaGiulia
91,2,4.5,3,5,5,Italia,Friuli-VeneziaGiulia
91,3,5,5,6,6,Italia,Friuli-VeneziaGiulia
91,4,4,5,4,4,Italia,Friuli-VeneziaGiulia
91,5,6,6,7,6,Italia,Friuli-VeneziaGiulia
91,6,4.5,5,5,4,Italia,Friuli-VeneziaGiulia
91,7,6,6,5,6,Italia,Friuli-VeneziaGiulia
91,8,7,6,7,5,Italia,Friuli-VeneziaGiulia
91,9,4,4,4,4,Italia,Friuli-VeneziaGiulia
91,10,4,5,4,3,Italia,Friuli-VeneziaGiulia
91,11,5,5,5,4,Italia,Friuli-VeneziaGiulia
91,12,6,6,4,6,Italia,Friuli-VeneziaGiulia
91,13,7,7,7,7,Italia,Friuli-VeneziaGiulia
91,14,6.5,5,6,7,Italia,Friuli-VeneziaGiulia
91,15,7,7,7,7,Italia,Friuli-VeneziaGiulia
91,16,4,4,4,3,Italia,Friuli-VeneziaGiulia
91,17,7,6,6,7,Italia,Friuli-VeneziaGiulia
91,18,6,7,6,7,Italia,Friuli-VeneziaGiulia
91,19,5,5,5,7,Italia,Friuli-VeneziaGiulia
91,20,6,5,5,5,Italia,Friuli-VeneziaGiulia
91,21,7,6,6,7,Italia,Friuli-VeneziaGiulia
91,22,6,6,5,6,Italia,Friuli-VeneziaGiulia
91,23,6,6,6,5,Italia,Friuli-VeneziaGiulia
91,24,6,6,6,4,Italia,Friuli-VeneziaGiulia
91,25,7,7,7,6,Italia,Friuli-VeneziaGiulia
91,26,6,6,6,6,Italia,Friuli-VeneziaGiulia
91,27,6,7,7,7,Italia,Friuli-VeneziaGiulia
91,28,5,6,3,5,Italia,Friuli-VeneziaGiulia
91,29,6,6,6,7,Italia,Friuli-VeneziaGiulia
91,30,1.5,2,2,2,Italia,Friuli-VeneziaGiulia
91,31,5,5,6,6,Italia,Friuli-VeneziaGiulia
91,32,5,6,6,5,Italia,Friuli-VeneziaGiulia
91,33,6,6,6,5,Italia,Friuli-VeneziaGiulia
91,34,6,5,6,6,Italia,Friuli-VeneziaGiulia
93,1,5,5,5,5,Italia,Liguria
93,2,4.5,5,5,5,Italia,Liguria
93,3,5.5,7,5,4,Italia,Liguria
93,4,6,6,4,6,Italia,Liguria
93,5,6,6,7,7,Italia,Liguria
93,6,6,6,6,7,Italia,Liguria
93,7,5,6,6,6,Italia,Liguria
94,1,4,6,4,4,Italia,Lombardia
94,2,5,5,5,5,Italia,Lombardia
94,3,7,6,6,5,Italia,Lombardia
94,4,4,4,4,3,Italia,Lombardia
94,5,4.5,4,3,5,Italia,Lombardia
94,6,6,6,6,5,Italia,Lombardia
94,7,7,7,7,7,Italia,Lombardia
94,8,7,6,7,6,Italia,Lombardia
94,9,5,4,5,4,Italia,Lombardia
94,10,4,4,4,4,Italia,Lombardia
94,11,4,4,4,1,Italia,Lombardia
94,12,7,7,7,7,Italia,Lombardia
95,1,6.5,6,6,4,Italia,Marche
95,2,4.5,5,5,4,Italia,Marche
95,3,6,7,7,5,Italia,Marche
95,4,4,4,4,5,Italia,Marche
95,5,5,5,5,3,Italia,Marche
95,6,1,1,1,1,Italia,Marche
95,7,5,5,5,6,Italia,Marche
95,8,6,5,6,6,Italia,Marche
95,9,5,4,4,5,Italia,Marche
95,10,7,7,7,4,Italia,Marche
95,11,4,5,5,5,Italia,Marche
95,12,5,4,5,4,Italia,Marche
95,13,4.5,1,6,4,Italia,Marche
95,14,4,4,4,4,Italia,Marche
95,15,6,7,5,6,Italia,Marche
95,16,5,4,5,4,Italia,Marche
96,1,5,5,5,7,Italia,Molise
96,2,5,6,4,6,Italia,Molise
96,3,6,6,6,6,Italia,Molise
96,4,6,6,5,6,Italia,Molise
96,5,5.5,7,7,7,Italia,Molise
96,6,6,7,6,5,Italia,Molise
96,7,4.5,6,4,3,Italia,Molise
96,8,4,6,4,6,Italia,Molise
96,9,6,5,5,6,Italia,Molise
96,10,7,7,7,6,Italia,Molise
96,11,6,6,6,6,Italia,Molise
96,12,6,7,6,6,Italia,Molise
96,13,4,4,4,7,Italia,Molise
96,14,7,7,7,7,Italia,Molise
96,15,5.5,5,5,6,Italia,Molise
97,1,4,5,5,5,Italia,Piemonte
97,2,7,7,7,7,Italia,Piemonte
97,3,5.5,2,2,1,Italia,Piemonte
97,4,6,6,5,5,Italia,Piemonte
97,5,6,6,6,6,Italia,Piemonte
97,6,6,6,6,5,Italia,Piemonte
97,7,5,4,5,5,Italia,Piemonte
97,8,3.5,3,4,3,Italia,Piemonte
97,9,7,7,7,7,Italia,Piemonte
97,10,5,5,6,3,Italia,Piemonte
97,11,4,4,5,4,Italia,Piemonte
97,12,6,6,6,7,Italia,Piemonte
97,13,5.5,5,6,7,Italia,Piemonte
97,14,5,5,5,5,Italia,Piemonte
97,15,6,6,5,6,Italia,Piemonte
97,16,6,6,4,5,Italia,Piemonte
97,17,6,6,6,6,Italia,Piemonte
98,1,4,4,3,5,Italia,Puglia
98,2,5,6,7,5,Italia,Puglia
98,3,6,6,6,6,Italia,Puglia
98,4,7,6,7,6,Italia,Puglia
98,5,6,5,6,6,Italia,Puglia
98,6,5,5,4,4,Italia,Puglia
98,7,6.5,6,7,7,Italia,Puglia
98,8,4,4,4,6,Italia,Puglia
98,9,5,4,4,4,Italia,Puglia
98,10,4.5,7,6,5,Italia,Puglia
98,11,6,6,6,5,Italia,Puglia
98,12,5,5,6,5,Italia,Puglia
99,1,7,7,7,7,Italia,Sicilia
99,2,5,5,6,5,Italia,Sicilia
99,3,7,6,5,6,Italia,Sicilia
100,1,5,4,4,5,Italia,Toscana
100,2,6,6,6,6,Italia,Toscana
100,3,6,7,5,6,Italia,Toscana
100,4,4,5,3,6,Italia,Toscana
100,5,4,4,4,4,Italia,Toscana
100,6,6,6,4,6,Italia,Toscana
100,7,6,4,6,3,Italia,Toscana
100,8,4.5,5,5,6,Italia,Toscana
100,9,7,7,7,6,Italia,Toscana
100,10,6.5,6,7,7,Italia,Toscana
102,1,6,5,5,5,Italia,Umbria
102,2,5.5,5,5,5,Italia,Umbria
102,3,5.5,6,5,6,Italia,Umbria
102,4,6,6,6,5,Italia,Umbria
102,5,6.5,7,6,7,Italia,Umbria
102,6,7,7,7,7,Italia,Umbria
102,7,7,7,7,7,Italia,Umbria
102,8,3,4,4,6,Italia,Umbria
102,9,6.5,6,6,5,Italia,Umbria
102,10,7,7,7,7,Italia,Umbria
102,11,7,6,6,7,Italia,Umbria
102,12,7,7,7,7,Italia,Umbria
102,13,6,6,6,6,Italia,Umbria
102,14,6,4,6,6,Italia,Umbria
103,1,5,5,4,6,Italia,Veneto
103,2,7,6,4,7,Italia,Veneto
104,1,7,7,7,7,Nederland,Drenthe
104,2,2.5,3,2,4,Nederland,Drenthe
104,3,6,6,7,6,Nederland,Drenthe
104,4,5,5,5,5,Nederland,Drenthe
104,5,6.5,7,7,6,Nederland,Drenthe
104,6,7,7,7,7,Nederland,Drenthe
104,7,5,7,1,6,Nederland,Drenthe
104,8,7,7,7,6,Nederland,Drenthe
104,9,3.5,2,3,3,Nederland,Drenthe
104,10,5.5,5,5,6,Nederland,Drenthe
104,11,4.5,4,3,5,Nederland,Drenthe
104,12,4,4,4,4,Nederland,Drenthe
104,13,5,6,5,6,Nederland,Drenthe
104,14,7,7,7,5,Nederland,Drenthe
104,15,5,5,5,5,Nederland,Drenthe
105,1,6,5,5,6,Nederland,Flevoland
105,2,5,3,3,5,Nederland,Flevoland
106,1,6,6,6,6,Nederland,Friesland
106,2,4,4,4,6,Nederland,Friesland
106,3,7,7,7,7,Nederland,Friesland
106,4,5,6,6,6,Nederland,Friesland
106,5,7,7,7,7,Nederland,Friesland
106,6,6,6,6,5,Nederland,Friesland
106,7,7,7,7,7,Nederland,Friesland
106,8,4.5,5,5,3,Nederland,Friesland
106,9,3.5,2,1,1,Nederland,Friesland
106,10,7,7,7,6,Nederland,Friesland
106,11,5,4,4,5,Nederland,Friesland
106,12,6,7,6,7,Nederland,Friesland
106,13,5.5,5,6,6,Nederland,Friesland
106,14,5,5,5,7,Nederland,Friesland
106,15,4,4,4,4,Nederland,Friesland
106,16,5.5,6,6,5,Nederland,Friesland
106,17,4,5,4,4,Nederland,Friesland
106,18,6,2,2,4,Nederland,Friesland
106,19,6.5,6,6,4,Nederland,Friesland
106,20,5,6,6,6,Nederland,Friesland
106,21,7,7,7,7,Nederland,Friesland
106,22,7,7,7,7,Nederland,Friesland
106,23,7,7,7,6,Nederland,Friesland
107,1,6,6,6,7,Nederland,Gelderland
107,2,4,5,4,5,Nederland,Gelderland
107,3,4.5,4,5,3,Nederland,Gelderland
107,4,5.5,6,6,6,Nederland,Gelderland
107,5,5,6,6,5,Nederland,Gelderland
107,6,6,6,6,5,Nederland,Gelderland
107,7,6,7,4,7,Nederland,Gelderland
107,8,7,7,7,7,Nederland,Gelderland
107,9,7,7,7,2,Nederland,Gelderland
107,10,7,7,7,7,Nederland,Gelderland
107,11,1.5,2,1,1,Nederland,Gelderland
107,12,7,7,7,7,Nederland,Gelderland
108,1,5,6,6,6,Nederland,Groningen
108,2,6.5,6,7,6,Nederland,Groningen
108,3,5,5,5,5,Nederland,Groningen
108,4,5.5,5,7,5,Nederland,Groningen
108,5,6,4,6,7,Nederland,Groningen
109,1,7,6,6,7,Nederland,LimburgNL
109,2,7,6,7,5,Nederland,LimburgNL
109,3,7,7,7,7,Nederland,LimburgNL
109,4,7,7,7,7,Nederland,LimburgNL
109,5,7,7,7,7,Nederland,LimburgNL
109,6,6,6,7,7,Nederland,LimburgNL
109,7,6,4,6,7,Nederland,LimburgNL
109,8,6,7,7,7,Nederland,LimburgNL
109,9,5,6,4,6,Nederland,LimburgNL
109,10,6,6,6,6,Nederland,LimburgNL
109,11,5,5,6,5,Nederland,LimburgNL
109,12,5.5,6,5,5,Nederland,LimburgNL
109,13,6,7,5,7,Nederland,LimburgNL
109,14,6,5,5,7,Nederland,LimburgNL
109,15,7,7,7,7,Nederland,LimburgNL
110,1,7,6,7,4,Nederland,Noord-Brabant
110,2,7,7,7,7,Nederland,Noord-Brabant
110,3,7,7,7,5,Nederland,Noord-Brabant
110,4,7,7,4,7,Nederland,Noord-Brabant
110,5,6,7,7,3,Nederland,Noord-Brabant
110,6,6,6,6,3,Nederland,Noord-Brabant
111,1,6,5,5,6,Nederland,Noord-Holland
111,2,7,7,7,7,Nederland,Noord-Holland
111,3,4,4,4,4,Nederland,Noord-Holland
111,4,6.5,7,6,6,Nederland,Noord-Holland
111,5,6.5,7,6,6,Nederland,Noord-Holland
111,6,7,6,6,6,Nederland,Noord-Holland
111,7,7,7,7,7,Nederland,Noord-Holland
111,8,5,5,5,5,Nederland,Noord-Holland
111,9,6,7,7,6,Nederland,Noord-Holland
111,10,4,3,4,3,Nederland,Noord-Holland
111,11,5,3,5,6,Nederland,Noord-Holland
111,12,7,7,7,7,Nederland,Noord-Holland
111,13,5,5,5,5,Nederland,Noord-Holland
112,1,7,5,7,4,Nederland,Overijssel
112,2,5.5,4,4,5,Nederland,Overijssel
113,1,6.5,6,6,6,Nederland,Utrecht
113,2,6,6,6,5,Nederland,Utrecht
113,3,4,4,4,4,Nederland,Utrecht
114,1,6.5,7,6,6,Nederland,Zeeland
114,2,6,5,6,6,Nederland,Zeeland
114,3,5,4,5,5,Nederland,Zeeland
114,4,6,6,6,6,Nederland,Zeeland
114,5,6,5,5,6,Nederland,Zeeland
114,6,5,4,4,5,Nederland,Zeeland
114,7,6,7,7,6,Nederland,Zeeland
114,8,4,4,4,4,Nederland,Zeeland
114,9,4,4,4,5,Nederland,Zeeland
115,1,6,7,6,7,Nederland,Zuid-Holland
115,2,6,5,6,4,Nederland,Zuid-Holland
115,3,5,5,5,5,Nederland,Zuid-Holland
115,4,6,6,6,5,Nederland,Zuid-Holland
115,5,6,5,6,6,Nederland,Zuid-Holland
115,6,5,5,4,4,Nederland,Zuid-Holland
115,7,5,5,5,5,Nederland,Zuid-Holland
115,8,6,6,6,6,Nederland,Zuid-Holland
115,9,5,5,5,5,Nederland,Zuid-Holland
116,1,6,7,7,5,Portugal,Alentejo
116,2,6.5,6,6,7,Portugal,Alentejo
116,3,6,6,6,7,Portugal,Alentejo
116,4,7,7,7,6,Portugal,Alentejo
116,5,4,5,5,5,Portugal,Alentejo
116,6,6,4,4,7,Portugal,Alentejo
116,7,6,5,6,7,Portugal,Alentejo
116,8,1,1,2,1,Portugal,Alentejo
116,9,7,7,7,7,Portugal,Alentejo
116,10,7,7,7,4,Portugal,Alentejo
116,11,4,4,6,4,Portugal,Alentejo
116,12,6,6,6,6,Portugal,Alentejo
116,13,7,7,7,5,Portugal,Alentejo
116,14,6,6,6,6,Portugal,Alentejo
116,15,1,1,1,1,Portugal,Alentejo
116,16,6,7,6,5,Portugal,Alentejo
116,17,4,4,4,5,Portugal,Alentejo
116,18,5.5,4,5,4,Portugal,Alentejo
116,19,7,7,7,7,Portugal,Alentejo
116,20,7,7,6,6,Portugal,Alentejo
116,21,7,7,7,6,Portugal,Alentejo
116,22,7,7,7,7,Portugal,Alentejo
116,23,4,4,4,4,Portugal,Alentejo
116,24,7,7,6,7,Portugal,Alentejo
116,25,4.5,5,6,5,Portugal,Alentejo
116,26,6,5,5,6,Portugal,Alentejo
116,27,6,6,7,6,Portugal,Alentejo
117,1,3.5,5,5,3,Portugal,Algarve
117,2,7,6,6,5,Portugal,Algarve
117,3,1,1,1,1,Portugal,Algarve
117,4,4,4,4,4,Portugal,Algarve
117,5,6,6,6,6,Portugal,Algarve
117,6,4,5,3,5,Portugal,Algarve
117,7,6.5,6,6,7,Portugal,Algarve
119,1,7,7,7,6,Portugal,LisboaeValeDoTejo
119,2,6,7,6,6,Portugal,LisboaeValeDoTejo
119,3,5.5,6,6,6,Portugal,LisboaeValeDoTejo
119,4,6,6,6,6,Portugal,LisboaeValeDoTejo
119,5,7,7,7,7,Portugal,LisboaeValeDoTejo
119,6,7,7,6,6,Portugal,LisboaeValeDoTejo
119,7,7,7,7,7,Portugal,LisboaeValeDoTejo
119,8,7,7,7,7,Portugal,LisboaeValeDoTejo
119,9,3,3,3,3,Portugal,LisboaeValeDoTejo
119,10,5.5,6,5,6,Portugal,LisboaeValeDoTejo
119,11,6,6,5,6,Portugal,LisboaeValeDoTejo
119,12,7,7,7,7,Portugal,LisboaeValeDoTejo
119,13,5,5,5,5,Portugal,LisboaeValeDoTejo
119,14,6,6,6,6,Portugal,LisboaeValeDoTejo
119,15,5,4,4,4,Portugal,LisboaeValeDoTejo
119,16,6.5,7,7,7,Portugal,LisboaeValeDoTejo
119,17,2.5,3,2,2,Portugal,LisboaeValeDoTejo
119,18,6,5,5,5,Portugal,LisboaeValeDoTejo
119,19,6,7,7,7,Portugal,LisboaeValeDoTejo
119,20,5.5,5,5,5,Portugal,LisboaeValeDoTejo
119,21,7,7,7,7,Portugal,LisboaeValeDoTejo
119,22,5.5,7,7,4,Portugal,LisboaeValeDoTejo
119,23,7,1,1,7,Portugal,LisboaeValeDoTejo
119,24,5,6,5,5,Portugal,LisboaeValeDoTejo
119,25,3.5,5,4,4,Portugal,LisboaeValeDoTejo
119,26,6,7,7,5,Portugal,LisboaeValeDoTejo
119,27,6,6,6,6,Portugal,LisboaeValeDoTejo
119,28,6,6,5,6,Portugal,LisboaeValeDoTejo
119,29,7,6,6,7,Portugal,LisboaeValeDoTejo
119,30,6.5,7,7,6,Portugal,LisboaeValeDoTejo
119,31,6.5,7,7,7,Portugal,LisboaeValeDoTejo
119,32,6,6,6,4,Portugal,LisboaeValeDoTejo
119,33,6,6,6,5,Portugal,LisboaeValeDoTejo
119,34,1,1,1,1,Portugal,LisboaeValeDoTejo
119,35,6,6,6,6,Portugal,LisboaeValeDoTejo
119,36,5,4,5,4,Portugal,LisboaeValeDoTejo
119,37,1,1,1,1,Portugal,LisboaeValeDoTejo
119,38,6,6,5,6,Portugal,LisboaeValeDoTejo
120,1,6,7,7,4,Portugal,Norte
120,2,6,6,6,5,Portugal,Norte
120,3,4,4,5,5,Portugal,Norte
120,4,6.5,7,7,6,Portugal,Norte
120,5,5,5,6,5,Portugal,Norte
120,6,6,7,6,5,Portugal,Norte
120,7,7,7,7,6,Portugal,Norte
120,8,1,1,1,1,Portugal,Norte
120,9,2,3,2,2,Portugal,Norte
120,10,5,3,5,5,Portugal,Norte
